Company,Title,Location,Experience Level,Date,ATS,URL
/jobs/remote/operations-support?daysSinceUpdated=3&city=&state=&country=USA&allLocations=true,Operations Director,"Issaquah, WA, USA",senior,2026-05-21,Builtin,https://builtin.com/job/operations-director/9439288
0g, AI Platform Engineer,Remote,mid,2026-04-10,Ashby,https://jobs.ashbyhq.com/0g/1554138f-15dc-4225-93cc-44b64f2540ed
0g,"CMO, Head of Marketing",Remote,senior,2026-04-10,Ashby,https://jobs.ashbyhq.com/0g/63d8f52a-9522-4f9d-825c-ec211798dbc2
0g,DevOps Engineer ,Remote,mid,2026-04-10,Ashby,https://jobs.ashbyhq.com/0g/cc109ddf-279a-4359-8516-86f2a5c18e99
0g,Executive Assistant ,Remote,entry,2026-04-10,Ashby,https://jobs.ashbyhq.com/0g/4bc23bef-1bb4-48ca-aef7-aa03d68c9e5b
0g,Head of Security / Senior Security Engineer,Remote,senior,2026-04-10,Ashby,https://jobs.ashbyhq.com/0g/7f0e0f37-f757-4d2a-b7e8-d50204034bef
0g,Senior Product Manager - Web3 ,Remote,senior,2026-04-10,Ashby,https://jobs.ashbyhq.com/0g/09aca14b-e4b2-49b1-8dfc-25e2092430c4
0g,Social Media Manager ,Remote,senior,2026-04-10,Ashby,https://jobs.ashbyhq.com/0g/8e7e537f-c1df-42cf-9def-d63ccf106faf
0x,Commercial Counsel,Remote — North America (Aligned with U.S. Time Zon,senior,2026-03-04,Ashby,https://jobs.ashbyhq.com/0x/2f585545-92f6-4954-ae52-a7ee86d45ea2
0x,Data Scientist (GTM),Remote,mid,2026-04-10,Ashby,https://jobs.ashbyhq.com/0x/6dbca8eb-0553-411d-b903-dfa5f73dfcd3
0x,Growth Product Manager | Matcha,Remote,senior,2026-04-10,Ashby,https://jobs.ashbyhq.com/0x/d02ee11d-020f-4911-af06-23434ed1514d
0x,Institutional Sales Lead,Remote — North America (Aligned with U.S. Time Zon,senior,2026-04-10,Ashby,https://jobs.ashbyhq.com/0x/c3f622bb-1cae-4a17-a4ca-26e94cd0a283
0x,Senior Backend Engineer API | Matcha,Remote,senior,2026-04-10,Ashby,https://jobs.ashbyhq.com/0x/1b8b57e9-e054-442d-a663-86f21724fc8a
0x,Senior Mobile Engineer | Matcha,Remote,senior,2026-04-10,Ashby,https://jobs.ashbyhq.com/0x/214935aa-0d12-4c0e-8086-91521aefa4f0
0x,Senior Platform Engineer,Remote — North America (Aligned with U.S. Time Zon,senior,2026-03-04,Ashby,https://jobs.ashbyhq.com/0x/d886a556-4ff6-452a-a0b5-408d703ee7d6
0x,Senior Product Designer,Remote,senior,2026-04-10,Ashby,https://jobs.ashbyhq.com/0x/d6f37bb7-8335-4e5c-bfbd-f23e08b54c09
"1-800-FLOWERS.COM, INC.",Operations Associate,"MA, USA",entry,2026-06-05,Builtin,https://builtin.com/job/operations-associate/9625261
10beauty,Director of Growth,"Burlington, Massachusetts, United States; Remote",senior,2026-04-30,Greenhouse,https://job-boards.greenhouse.io/10beauty/jobs/5125375007
10beauty,Senior Data Infrastructure Engineer,"Burlington, Massachusetts, United States; Remote",senior,2026-05-15,Greenhouse,https://job-boards.greenhouse.io/10beauty/jobs/5139282007
10beauty,Senior DevOps Engineer,Remote,senior,2026-03-03,Greenhouse,https://job-boards.greenhouse.io/10beauty/jobs/4952748007
10beauty,Senior Software Engineer - Cloud Applications,"Burlington, Massachusetts, United States; Remote",senior,2026-05-13,Greenhouse,https://job-boards.greenhouse.io/10beauty/jobs/5137112007
10xgenomics," Strategic Account Manager, CROs & Service Providers – Americas ","California, USA (Remote)",senior,2026-03-04,Greenhouse,https://boards.greenhouse.io/10xgenomics/jobs/7561239?gh_jid=7561239
10xgenomics,"Account Executive, Chicago","Illinois, USA (Remote)",mid,2026-04-10,Greenhouse,https://boards.greenhouse.io/10xgenomics/jobs/7551091?gh_jid=7551091
10xgenomics,"Account Executive, East Bay","California, USA (Remote)",mid,2026-05-12,Greenhouse,https://boards.greenhouse.io/10xgenomics/jobs/7917705?gh_jid=7917705
10xgenomics,"Account Executive, San Francisco","California, USA (Remote)",mid,2026-03-25,Greenhouse,https://boards.greenhouse.io/10xgenomics/jobs/7683624?gh_jid=7683624
10xgenomics,Channel Business Manager,Australia (Remote),senior,2026-04-10,Greenhouse,https://boards.greenhouse.io/10xgenomics/jobs/7609945?gh_jid=7609945
10xgenomics,Channel Sales Account Executive,"Beijing, China (Remote)",mid,2026-04-10,Greenhouse,https://boards.greenhouse.io/10xgenomics/jobs/7597471?gh_jid=7597471
10xgenomics,"District Sales Manager, Gulf Coast","Texas, USA (Remote)",senior,2026-05-12,Greenhouse,https://boards.greenhouse.io/10xgenomics/jobs/7917707?gh_jid=7917707
10xgenomics,"Field Application Scientist, Detroit ","Michigan, USA (Remote)",mid,2026-04-10,Greenhouse,https://boards.greenhouse.io/10xgenomics/jobs/7662989?gh_jid=7662989
10xgenomics,Field Service Engineer - Japan,Japan (Remote),mid,2026-04-10,Greenhouse,https://boards.greenhouse.io/10xgenomics/jobs/7495978?gh_jid=7495978
10xgenomics,Field Service Engineer – Japan ,Japan (Remote),mid,2026-04-10,Greenhouse,https://boards.greenhouse.io/10xgenomics/jobs/7414686?gh_jid=7414686
